Абаза,Хакасия,12272,52.650000,90.083333
Абакан,Хакасия,184769,53.716670,91.416670
Абдулино,Оренбургская область,17274,53.683330,53.650000
Абинск,Краснодарский край,39511,44.866670,38.166670
Агидель,Башкортостан,14219,55.900000,53.933330
Агрыз,Татарстан,19991,56.516670,52.983330
Адыгейск,Адыгея,13175,44.884525,39.192020
Азнакаево,Татарстан,34750,54.850000,53.066670
Азов,Ростовская область,81924,47.100000,39.416670
Ак-Довурак,Тыва,12456,51.166670,90.600000
Аксай,Ростовская область,48372,47.266670,39.866670
Алагир,Северная Осетия,21550,43.041670,44.210560
Алапаевск,Свердловская область,36189,57.850000,61.700000
Алатырь,Чувашия,32265,54.850000,46.583330
Алдан,Якутия,21590,58.600000,125.383330
Алейск,Алтайский край,25380,52.500000,82.783330
Александров,Владимирская область,57053,56.393610,38.715000
Александровск,Пермский край,10780,59.166670,57.583330
Александровск-Сахалинский,Сахалинская область,8854,50.900000,142.150000
Алексеевка,Белгородская область,36578,50.630000,38.686390
Алексин,Тульская область,60842,54.500000,37.066670
Алзамай,Иркутская область,5373,55.550000,98.666670
Алупка,Крым,9063,44.419720,34.043060
Алушта,Крым,31364,44.667220,34.397780
Альметьевск,Татарстан,163512,54.900000,52.300000
Амурск,Хабаровский край,38606,50.216670,136.900000
Анадырь,Чукотский АО,13202,64.733330,177.516670
Анапа,Краснодарский край,81863,44.893857,37.317481
Ангарск,Иркутская область,221296,52.566670,103.916670
Андреаполь,Тверская область,6956,56.650000,32.266670
Анжеро-Судженск,Кемеровская область,66583,56.083330,86.033330
Анива,Сахалинская область,9638,46.716670,142.516670
Апатиты,Мурманская область,49647,67.567500,33.393330
Апрелевка,Московская область,35514,55.533330,37.050000
Апшеронск,Краснодарский край,40289,44.460830,39.740560
Арамиль,Свердловская область,19013,56.700000,60.833330
Аргун,Чечня,41622,43.292095,45.876622
Ардатов,Мордовия,8857,54.850000,46.233330
Ардон,Северная Осетия,18956,43.172780,44.292220
Арзамас,Нижегородская область,104908,55.383330,43.800000
Аркадак,Саратовская область,10990,51.933330,43.500000
Армавир,Краснодарский край,187177,44.994640,41.129460
Армянск,Крым,20692,46.106940,33.693060
Арсеньев,Приморский край,47937,44.166670,133.266670
Арск,Татарстан,20421,56.090560,49.876390
Артём,Приморский край,109556,43.350000,132.183333
Артёмовск,Красноярский край,1510,54.350000,93.433330
Артёмовский,Свердловская область,28943,57.336390,61.891940
Архангельск,Архангельская область,301199,64.550000,40.533330
Асбест,Свердловская область,57317,57.010277,61.456390
Асино,Томская область,24913,57.000000,86.150000
Астрахань,Астраханская область,475629,46.333330,48.033330
Аткарск,Саратовская область,22709,51.866670,45.000000
Ахтубинск,Астраханская область,35635,48.283330,46.166670
Ачинск,Красноярский край,100621,56.266670,90.500000
Ачхой-Мартан,Чечня,30739,43.189155,45.284741
Аша,Челябинская область,27890,55.000000,57.250000
Бабаево,Вологодская область,11739,59.383330,35.950000
Бабушкин,Бурятия,4368,51.716670,105.866670
Бавлы,Татарстан,21628,54.400000,53.250000
Багратионовск,Калининградская область,6417,54.383330,20.633330
Байкальск,Иркутская область,13199,51.517220,104.156110
Баймак,Башкортостан,17833,52.583330,58.316670
Бакал,Челябинская область,16345,54.933330,58.800000
Баксан,Кабардино-Балкария,39593,43.683333,43.533333
Балабаново,Калужская область,29029,55.183330,36.650000
Балаково,Саратовская область,184466,52.033330,47.783330
Балахна,Нижегородская область,48569,56.480830,43.540280
Балашиха,Московская область,520962,55.800000,37.933330
Балашов,Саратовская область,74057,51.550000,43.166670
Балей,Забайкальский край,10286,51.576940,116.649170
Балтийск,Калининградская область,26796,54.650000,19.916670
Барабинск,Новосибирская область,27648,55.350000,78.350000
Барнаул,Алтайский край,630877,53.347361,83.778330
Барыш,Ульяновская область,14924,53.650000,47.116670
Батайск,Ростовская область,126988,47.133330,39.750000
Бахчисарай,Крым,28609,44.752780,33.860830
Бежецк,Тверская область,21466,57.783330,36.700000
Белая Калитва,Ростовская область,40448,48.174720,40.793060
Белая Холуница,Кировская область,9659,58.833330,50.850000
Белгород,Белгородская область,339978,50.600000,36.600000
Белебей,Башкортостан,59195,54.100000,54.133330
Белёв,Тульская область,12846,53.800000,36.133330
Белинский,Пензенская область,8656,52.966670,43.416670
Белово,Кемеровская область,68542,54.416667,86.300000
Белогорск,Амурская область,61440,50.916670,128.483330
Белогорск,Крым,17445,45.054440,34.602220
Белозерск,Вологодская область,8375,60.033330,37.783330
Белокуриха,Алтайский край,14735,52.000000,84.983330
Беломорск,Карелия,7708,64.516670,34.766670
Белоозёрский,Московская область,13737,55.461390,38.442220
Белорецк,Башкортостан,64525,53.966670,58.400000
Белореченск,Краснодарский край,55870,44.766670,39.866670
Белоусово,Калужская область,10946,55.091670,36.666670
Белоярский,Ханты-Мансийский АО,19994,63.716670,66.666670
Белый,Тверская область,3125,55.833330,32.933330
Бердск,Новосибирская область,102850,54.750000,83.100000
Березники,Пермский край,138069,59.408060,56.805280
Берёзовский,Кемеровская область,44932,55.666670,86.250000
Берёзовский,Свердловская область,59698,56.900000,60.800000
Беслан,Северная Осетия,35929,43.188890,44.521691
Бийск,Алтайский край,183852,52.533330,85.200000
Бикин,Хабаровский край,16240,46.816670,134.250000
Билибино,Чукотский АО,5546,68.050000,166.450000
Биробиджан,Еврейская АО,70064,48.783330,132.933330
Бирск,Башкортостан,44295,55.416670,55.533330
Бирюсинск,Иркутская область,8632,55.950000,97.816670
Бирюч,Белгородская область,7114,50.650000,38.400000
Благовещенск,Башкортостан,35481,55.033330,55.983330
Благовещенск,Амурская область,241437,50.257780,127.536390
Благодарный,Ставропольский край,30827,45.102904,43.425151
Бобров,Воронежская область,20871,51.094440,40.032220
Богданович,Свердловская область,30142,56.783330,62.050000
Богородицк,Тульская область,29560,53.766670,38.133330
Богородск,Нижегородская область,35068,56.099720,43.507220
Боготол,Красноярский край,18206,56.200000,89.516670
Богучар,Воронежская область,14370,49.933330,40.550000
Бодайбо,Иркутская область,8921,57.850000,114.200000
Бокситогорск,Ленинградская область,16185,59.473576,33.847675
Болгар,Татарстан,8285,54.966670,49.033330
Бологое,Тверская область,20234,57.870830,34.073610
Болотное,Новосибирская область,15644,55.666670,84.400000
Болохово,Тульская область,9339,54.083330,37.816670
Болхов,Орловская область,9495,53.450000,36.000000
Большой Камень,Приморский край,41825,43.116670,132.350000
Бор,Нижегородская область,78372,56.360280,44.059170
Борзя,Забайкальский край,29596,50.383330,116.533330
Борисоглебск,Воронежская область,60687,51.366670,42.083330
Боровичи,Новгородская область,47883,58.386940,33.911390
Боровск,Калужская область,12598,55.200000,36.483330
Бородино,Красноярский край,15174,55.900000,94.900000
Братск,Иркутская область,224071,56.152000,101.633000
Бронницы,Московская область,21831,55.422780,38.258890
Брянск,Брянская область,379152,53.250000,34.366670
Бугры,Ленинградская область,22428,60.068722,30.393806
Бугульма,Татарстан,81677,54.533330,52.783330
Бугуруслан,Оренбургская область,43593,53.616670,52.416670
Будённовск,Ставропольский край,58103,44.790000,44.140000
Бузулук,Оренбургская область,88341,52.766670,52.266670
Буинск,Татарстан,19968,54.966670,48.283330
Буй,Костромская область,20564,58.483330,41.516670
Буйнакск,Дагестан,68121,42.816670,47.116670
Бутурлиновка,Воронежская область,24397,50.825000,40.588890
Валдай,Новгородская область,14074,57.966670,33.250000
Валуйки,Белгородская область,33032,50.183330,38.116670
Велиж,Смоленская область,6293,55.600000,31.200000
Великие Луки,Псковская область,86711,56.350000,30.516670
Великий Новгород,Новгородская область,224286,58.525000,31.275000
Великий Устюг,Вологодская область,28670,60.758890,46.303890
Вельск,Архангельская область,21613,61.066670,42.100000
Венёв,Тульская область,12668,54.350000,38.266670
Верещагино,Пермский край,22239,58.066670,54.650000
Верея,Московская область,4906,55.333330,36.183330
Верхнеуральск,Челябинская область,8929,53.883330,59.216670
Верхний Тагил,Свердловская область,10113,57.383330,59.933330
Верхний Уфалей,Челябинская область,22981,56.050000,60.233330
Верхняя Пышма,Свердловская область,71335,56.966667,60.583333
Верхняя Салда,Свердловская область,41034,58.050000,60.550000
Верхняя Тура,Свердловская область,8554,58.357433,59.822444
Верхотурье,Свердловская область,6706,58.866670,60.800000
Верхоянск,Якутия,828,67.550000,133.383330
Весьегонск,Тверская область,6330,58.650000,37.266670
Ветлуга,Нижегородская область,7681,57.855560,45.781110
Видное,Московская область,101490,55.550000,37.700000
Вилюйск,Якутия,10032,63.750000,121.616670
Вилючинск,Камчатский край,21774,52.933330,158.400000
Вихоревка,Иркутская область,21719,56.116670,101.166670
Вичуга,Ивановская область,30694,57.200000,41.916670
Владивосток,Приморский край,603519,43.115000,131.885278
Владикавказ,Северная Осетия,295830,43.016670,44.683315
Владимир,Владимирская область,349951,56.133330,40.416670
Волгоград,Волгоградская область,1028036,48.711670,44.513890
Волгодонск,Ростовская область,168048,47.540000,42.207220
Волгореченск,Костромская область,14355,57.433330,41.166670
Волжск,Марий Эл,53013,55.866670,48.350000
Волжский,Волгоградская область,321479,48.783333,44.766667
Вологда,Вологодская область,313944,59.216667,39.900000
Володарск,Нижегородская область,9705,56.233330,43.200000
Волоколамск,Московская область,26389,56.033330,35.950000
Волосово,Ленинградская область,11931,59.447275,29.484819
Волхов,Ленинградская область,38511,59.900543,32.352681
Волчанск,Свердловская область,8573,59.933330,60.050000
Вольск,Саратовская область,55035,52.050000,47.383330
Воркута,Коми,56985,67.500000,64.033330
Воронеж,Воронежская область,1057681,51.671670,39.210560
Ворсма,Нижегородская область,10162,55.983330,43.266670
Воскресенск,Московская область,95495,55.323330,38.680560
Воткинск,Удмуртия,97471,57.050000,54.000000
Всеволожск,Ленинградская область,79038,60.021390,30.654170
Вуктыл,Коми,9322,63.866670,57.316670
Выборг,Ленинградская область,72530,60.710496,28.749781
Выкса,Нижегородская область,45240,55.319440,42.173060
Высоковск,Московская область,13081,56.316670,36.550000
Высоцк,Ленинградская область,1129,60.625604,28.568277
Вытегра,Вологодская область,10386,61.000000,36.450000
Вышний Волочёк,Тверская область,45830,57.583330,34.566670
Вяземский,Хабаровский край,12775,47.533330,134.750000
Вязники,Владимирская область,36203,56.243330,42.129170
Вязьма,Смоленская область,51950,55.210280,34.285000
Вятские Поляны,Кировская область,29742,56.218417,51.068583
Гаврилов Посад,Ивановская область,5429,56.566667,40.116667
Гаврилов-Ям,Ярославская область,16084,57.300000,39.850000
Гагарин,Смоленская область,26500,55.550000,35.000000
Гаджиево,Мурманская область,9297,69.255280,33.316670
Гай,Оренбургская область,33280,51.466670,58.450000
Галич,Костромская область,12856,58.383330,42.350000
Гатчина,Ленинградская область,94377,59.568410,30.122892
Гвардейск,Калининградская область,14122,54.650000,21.066670
Гдов,Псковская область,3455,58.733330,27.816670
Геленджик,Краснодарский край,80204,44.560999,38.076949
Георгиевск,Ставропольский край,63221,44.150000,43.466670
Глазов,Удмуртия,87762,58.140830,52.674170
Голицыно,Московская область,22733,55.614720,36.987220
Горбатов,Нижегородская область,2009,56.133330,43.066670
Горно-Алтайск,Алтай,65342,51.960000,85.960000
Горнозаводск,Пермский край,11073,58.383330,58.316670
Горняк,Алтайский край,10112,50.993028,81.467934
Городец,Нижегородская область,28660,56.650280,43.470280
Городище,Пензенская область,7796,53.266670,45.700000
Городовиковск,Калмыкия,8285,46.083330,41.933330
Гороховец,Владимирская область,12666,56.202780,42.692500
Горячий Ключ,Краснодарский край,40903,44.633284,39.133287
Грайворон,Белгородская область,6179,50.483330,35.666670
Гремячинск,Пермский край,8360,58.566670,57.833330
Грозный,Чечня,328533,43.316670,45.700000
Грязи,Липецкая область,43908,52.500000,39.933330
Грязовец,Вологодская область,14505,58.883330,40.250000
Губаха,Пермский край,23397,58.866670,57.583330
Губкин,Белгородская область,85225,51.283330,37.550000
Губкинский,Ямало-Ненецкий АО,33273,64.433330,76.500000
Гудермес,Чечня,64376,43.348610,46.096110
Гуково,Ростовская область,60361,48.050000,39.933330
Гулькевичи,Краснодарский край,33357,45.360280,40.694440
Гурьевск,Калининградская область,26760,54.766670,20.600000
Гурьевск,Кемеровская область,22134,54.283330,85.933330
Гусев,Калининградская область,29234,54.583330,22.200000
Гусиноозёрск,Бурятия,24451,51.285560,106.529170
Гусь-Хрустальный,Владимирская область,51552,55.616670,40.650000
Давлеканово,Башкортостан,21834,54.216670,55.033330
Дагестанские Огни,Дагестан,31412,42.116415,48.193920
Далматово,Курганская область,11584,56.266670,62.916670
Дальнегорск,Приморский край,33655,44.566670,135.616670
Дальнереченск,Приморский край,23613,45.933330,133.733330
Данилов,Ярославская область,13677,58.183330,40.183330
Данков,Липецкая область,19726,53.250000,39.150000
Дегтярск,Свердловская область,15497,56.700000,60.100000
Дедовск,Московская область,30731,55.866670,37.133330
Демидов,Смоленская область,6326,55.266670,31.516670
Дербент,Дагестан,124953,42.069825,48.295025
Десногорск,Смоленская область,25345,54.153086,33.290292
Джанкой,Крым,37014,45.708610,34.393330
Дзержинск,Нижегородская область,218630,56.233330,43.450000
Дзержинский,Московская область,57918,55.633330,37.850000
Дивногорск,Красноярский край,27477,55.950000,92.383330
Дигора,Северная Осетия,9922,43.158917,44.157333
Димитровград,Ульяновская область,110968,54.233330,49.583330
Дмитриев,Курская область,6317,52.128890,35.075560
Дмитров,Московская область,65574,56.346670,37.521670
Дмитровск,Орловская область,5202,52.505504,35.141478
Дно,Псковская область,7850,57.833330,29.966670
Добрянка,Пермский край,28782,58.450000,56.416670
Долгопрудный,Московская область,120907,55.933330,37.500000
Долинск,Сахалинская область,11740,47.316670,142.800000
Домодедово,Московская область,152404,55.443890,37.758060
Донецк,Ростовская область,46623,48.336940,39.945000
Донской,Тульская область,63837,53.966670,38.316670
Дорогобуж,Смоленская область,9528,54.920000,33.307778
Дрезна,Московская область,12295,55.744440,38.849440
Дубна,Московская область,74183,56.750000,37.150000
Дубовка,Волгоградская область,14779,49.050000,44.833330
Дудинка,Красноярский край,19556,69.400000,86.183330
Духовщина,Смоленская область,3990,55.200000,32.416670
Дюртюли,Башкортостан,31185,55.483330,54.866670
Дятьково,Брянская область,25255,53.600000,34.333330
Евпатория,Крым,107877,45.200000,33.358330
Егорьевск,Московская область,71686,55.383330,39.033610
Ейск,Краснодарский край,82943,46.710560,38.277780
Екатеринбург,Свердловская область,1544376,56.833330,60.583330
Елабуга,Татарстан,73630,55.766670,52.033330
Елец,Липецкая область,99875,52.616670,38.466670
Елизово,Камчатский край,36240,53.183330,158.383330
Ельня,Смоленская область,8332,54.566670,33.166670
Еманжелинск,Челябинская область,27632,54.750000,61.316670
Емва,Коми,10994,62.583330,50.850000
Енисейск,Красноярский край,17537,58.466670,92.133330
Ермолино,Калужская область,10809,55.205560,36.570000
Ершов,Саратовская область,18095,51.350000,48.283330
Ессентуки,Ставропольский край,119658,44.043060,42.864170
Ефремов,Тульская область,36545,53.149167,38.082585
Железноводск,Ставропольский край,22863,44.133330,43.033330
Железногорск,Красноярский край,82723,56.250000,93.533330
Железногорск,Курская область,97038,52.339174,35.351582
Железногорск-Илимский,Иркутская область,21621,56.583330,104.116670
Жердевка,Тамбовская область,13883,51.833330,41.466670
Жигулёвск,Самарская область,50466,53.400000,49.500000
Жиздра,Калужская область,5545,53.750280,34.736110
Жирновск,Волгоградская область,15555,50.980280,44.780830
Жуков,Калужская область,16224,55.033330,36.750000
Жуковка,Брянская область,17628,53.533330,33.733330
Жуковский,Московская область,111222,55.601110,38.116110
Завитинск,Амурская область,9615,50.116670,129.433330
Заводоуковск,Тюменская область,27100,56.500000,66.550000
Заволжск,Ивановская область,8896,57.483330,42.133330
Заволжье,Нижегородская область,36763,56.642500,43.392780
Задонск,Липецкая область,9887,52.383330,38.916670
Заинск,Татарстан,39739,55.300000,52.016670
Закаменск,Бурятия,11365,50.383330,103.283330
Заозёрный,Красноярский край,10573,55.966670,94.700000
Заозёрск,Мурманская область,7762,69.400000,32.450000
Западная Двина,Тверская область,7869,56.266670,32.083330
Заполярный,Мурманская область,14791,69.416670,30.800000
Зарайск,Московская область,20736,54.765280,38.883610
Заречный,Пензенская область,58510,53.200000,45.166670
Заречный,Свердловская область,28112,56.816670,61.316670
Заринск,Алтайский край,41272,53.700000,84.916670
Звенигово,Марий Эл,10994,55.966670,48.016670
Звенигород,Московская область,35842,55.733330,36.850000
Зверево,Ростовская область,19353,48.016670,40.116670
Зеленогорск,Красноярский край,54279,56.100000,94.583330
Зеленоградск,Калининградская область,16625,54.950000,20.483330
Зеленодольск,Татарстан,99137,55.850000,48.516670
Зеленокумск,Ставропольский край,33187,44.407012,43.873123
Зерноград,Ростовская область,24076,46.846525,40.304033
Зея,Амурская область,19414,53.733330,127.250000
Зима,Иркутская область,30640,53.916670,102.050000
Златоуст,Челябинская область,161774,55.166670,59.666670
Злынка,Брянская область,5270,52.433330,31.733330
Змеиногорск,Алтайский край,9410,51.166670,82.166670
Знаменск,Астраханская область,24628,48.583330,45.750000
Зубцов,Тверская область,6217,56.166670,34.583330
Зуевка,Кировская область,9767,58.403333,51.130361
Ивангород,Ленинградская область,9861,59.376490,28.219712
Иваново,Ивановская область,361644,56.996670,40.981940
Ивантеевка,Московская область,82827,55.970000,37.920000
Ивдель,Свердловская область,14306,60.683330,60.433330
Игарка,Красноярский край,3634,67.466670,86.566670
Ижевск,Удмуртия,623472,56.853060,53.212220
Избербаш,Дагестан,55996,42.566670,47.866670
Изобильный,Ставропольский край,38614,45.366670,41.716670
Иланский,Красноярский край,15945,56.233330,96.066670
Инза,Ульяновская область,16293,53.850000,46.350000
Иннополис,Татарстан,3955,55.750000,48.745000
Инсар,Мордовия,7920,53.866670,44.366670
Инта,Коми,20271,66.039814,60.131519
Ипатово,Ставропольский край,26122,45.716670,42.900000
Ирбит,Свердловская область,37009,57.666670,63.066670
Иркутск,Иркутская область,606369,52.283330,104.300000
Исилькуль,Омская область,20515,54.908890,71.260560
Искитим,Новосибирская область,57147,54.633330,83.300000
Истра,Московская область,37474,55.916670,36.866670
Ишим,Тюменская область,67614,56.116670,69.500000
Ишимбай,Башкортостан,64041,53.454440,56.043890
Йошкар-Ола,Марий Эл,281248,56.632778,47.895833
Кадников,Вологодская область,4106,59.500000,40.333330
Казань,Татарстан,1308660,55.790830,49.114440
Калач,Воронежская область,17624,50.425830,41.015560
Калач-на-Дону,Волгоградская область,24277,48.683330,43.533330
Калачинск,Омская область,21378,55.050000,74.583330
Калининград,Калининградская область,490449,54.716670,20.500000
Калининск,Саратовская область,14949,51.500000,44.450000
Калтан,Кемеровская область,21752,53.516670,87.266670
Калуга,Калужская область,337058,54.533330,36.266670
Калязин,Тверская область,12621,57.233330,37.850000
Камбарка,Удмуртия,10080,56.266670,54.200000
Каменка,Пензенская область,33491,53.183330,44.050000
Каменногорск,Ленинградская область,7160,60.950810,29.130882
Каменск-Уральский,Свердловская область,164192,56.400000,61.933330
Каменск-Шахтинский,Ростовская область,86365,48.316670,40.266670
Камень-на-Оби,Алтайский край,32385,53.791940,81.348610
Камешково,Владимирская область,12028,56.349170,40.997780
Камызяк,Астраханская область,16154,46.115560,48.076940
Камышин,Волгоградская область,107927,50.083330,45.400000
Камышлов,Свердловская область,27117,56.850000,62.716670
Канаш,Чувашия,44354,55.506940,47.491390
Кандалакша,Мурманская область,29138,67.156940,32.411670
Канск,Красноярский край,86816,56.200000,95.700000
Карабаново,Владимирская область,13150,56.308890,38.701390
Карабаш,Челябинская область,10514,55.483330,60.200000
Карабулак,Ингушетия,43037,43.306285,44.909763
Карасук,Новосибирская область,24890,53.733330,78.033330
Карачаевск,Карачаево-Черкесия,23867,43.769713,41.911369
Карачев,Брянская область,17449,53.116670,34.983330
Каргат,Новосибирская область,8316,55.200000,80.283330
Каргополь,Архангельская область,8849,61.500000,38.933330
Карпинск,Свердловская область,25879,59.766670,60.000000
Карталы,Челябинская область,27103,53.050000,60.650000
Касимов,Рязанская область,28443,54.950000,41.397220
Касли,Челябинская область,15383,55.883330,60.750000
Каспийск,Дагестан,121140,42.883330,47.633330
Катав-Ивановск,Челябинская область,14663,54.750000,58.200000
Катайск,Курганская область,11881,56.300000,62.566670
Качканар,Свердловская область,37307,58.700000,59.483330
Кашин,Тверская область,14113,57.350000,37.616670
Кашира,Московская область,45922,54.833330,38.150000
Кедровый,Томская область,1818,57.566670,79.566670
Кемерово,Кемеровская область,557119,55.354170,86.089720
Кемь,Карелия,10018,64.950000,34.600000
Керчь,Крым,154621,45.338610,36.468060
Кизел,Пермский край,15619,59.050000,57.650000
Кизилюрт,Дагестан,38335,43.200000,46.866670
Кизляр,Дагестан,49999,43.850245,46.716980
Кимовск,Тульская область,26475,53.966670,38.533330
Кимры,Тверская область,40875,56.866670,37.350000
Кингисепп,Ленинградская область,49716,59.378053,28.601209
Кинель,Самарская область,36729,53.233330,50.616670
Кинешма,Ивановская область,77694,57.450000,42.150000
Киреевск,Тульская область,25560,53.933330,37.933330
Киренск,Иркутская область,10998,57.783330,108.100000
Киржач,Владимирская область,27318,56.150000,38.866670
Кириллов,Вологодская область,7149,59.866670,38.383330
Кириши,Ленинградская область,51028,59.449695,32.008716
Киров,Калужская область,28097,54.083330,34.300000
Киров,Кировская область,468212,58.600000,49.650000
Кировград,Свердловская область,18698,57.433330,60.066670
Кирово-Чепецк,Кировская область,66651,58.550000,50.016670
Кировск,Ленинградская область,27238,59.875330,30.981457
Кировск,Мурманская область,24857,67.614170,33.671670
Кирс,Кировская область,8982,59.337167,52.245472
Кирсанов,Тамбовская область,16164,52.650000,42.733330
Киселёвск,Кемеровская область,83431,53.983330,86.700000
Кисловодск,Ставропольский край,127521,43.903330,42.724440
Клин,Московская область,88511,56.333890,36.712500
Клинцы,Брянская область,63059,52.752780,32.236110
Княгинино,Нижегородская область,6447,55.816670,45.033330
Ковдор,Мурманская область,15770,67.559440,30.466670
Ковров,Владимирская область,132417,56.360560,41.319720
Ковылкино,Мордовия,19793,54.033330,43.916670
Когалым,Ханты-Мансийский АО,61441,62.266670,74.483330
Кодинск,Красноярский край,13324,58.600000,99.183330
Козельск,Калужская область,16759,54.033330,35.783330
Козловка,Чувашия,7781,55.833330,48.250000
Козьмодемьянск,Марий Эл,19731,56.333330,46.566670
Кола,Мурманская область,9016,68.881290,33.019680
Кологрив,Костромская область,2468,58.825228,44.311444
Коломна,Московская область,134850,55.093890,38.768060
Колпашево,Томская область,20824,58.316670,82.916670
Колтуши,Ленинградская область,14289,59.932919,30.655377
Кольчугино,Владимирская область,39410,56.300000,39.383330
Коммунар,Ленинградская область,25793,59.621609,30.393483
Комсомольск,Ивановская область,8364,57.016670,40.366670
Комсомольск-на-Амуре,Хабаровский край,238505,50.550000,137.000000
Конаково,Тверская область,33560,56.700000,36.766670
Кондопога,Карелия,25851,62.200000,34.266670
Кондрово,Калужская область,15734,54.800000,35.933330
Константиновск,Ростовская область,17207,47.583330,41.100000
Копейск,Челябинская область,147806,55.100000,61.616670
Кораблино,Рязанская область,10334,53.916670,40.016670
Кореновск,Краснодарский край,41826,45.466670,39.450000
Коркино,Челябинская область,37224,54.883330,61.400000
Королёв,Московская область,228095,55.916670,37.816670
Короча,Белгородская область,5623,50.813610,37.181390
Корсаков,Сахалинская область,33950,46.633330,142.766670
Коряжма,Архангельская область,34523,61.300000,47.166670
Костерёво,Владимирская область,7113,55.933330,39.633330
Костомукша,Карелия,26048,64.583330,30.600000
Кострома,Костромская область,267481,57.766670,40.933330
Котельники,Московская область,63728,55.662500,37.867220
Котельниково,Волгоградская область,22016,47.633330,43.133330
Котельнич,Кировская область,20144,58.300000,48.333330
Котлас,Архангельская область,56093,61.250000,46.650000
Котово,Волгоградская область,21028,50.316670,44.800000
Котовск,Тамбовская область,26694,52.583330,41.500000
Кохма,Ивановская область,30940,56.933330,41.083330
Красавино,Вологодская область,5601,60.966670,46.483330
Красноармейск,Московская область,26492,56.122780,38.146110
Красноармейск,Саратовская область,21350,51.016670,45.700000
Красновишерск,Пермский край,14460,60.400000,57.066670
Красногорск,Московская область,187634,55.816670,37.333330
Краснодар,Краснодарский край,1099344,45.033330,38.983330
Краснозаводск,Московская область,14639,56.438060,38.229440
Краснознаменск,Калининградская область,3419,54.950000,22.500000
Краснознаменск,Московская область,43868,55.600000,37.033330
Краснокаменск,Забайкальский край,51137,50.100000,118.033330
Краснокамск,Пермский край,48778,58.083330,55.750000
Красноперекопск,Крым,25569,45.955306,33.795000
Краснослободск,Волгоградская область,16545,48.700000,44.566667
Краснослободск,Мордовия,8910,54.433330,43.783330
Краснотурьинск,Свердловская область,55875,59.766670,60.200000
Красноуральск,Свердловская область,21507,58.350000,60.050000
Красноуфимск,Свердловская область,37301,56.616670,57.766670
Красноярск,Красноярский край,1187771,56.012083,92.871295
Красный Кут,Саратовская область,14296,50.950000,46.966670
Красный Сулин,Ростовская область,35697,47.883330,40.066670
Красный Холм,Тверская область,4998,58.063290,37.122983
Кремёнки,Калужская область,11745,54.889170,37.123330
Кропоткин,Краснодарский край,75858,45.433330,40.566670
Крымск,Краснодарский край,54597,44.933330,38.000000
Кстово,Нижегородская область,63646,56.151670,44.195560
Кубинка,Московская область,23146,55.576390,36.694720
Кувандык,Оренбургская область,26596,51.483330,57.350000
Кувшиново,Тверская область,9262,57.033330,34.166670
Кудрово,Ленинградская область,60791,59.908489,30.513569
Кудымкар,Пермский край,28293,59.016670,54.666670
Кузнецк,Пензенская область,78390,53.116670,46.600000
Куйбышев,Новосибирская область,41946,55.450280,78.307500
Кукмор,Татарстан,17886,56.182500,50.906390
Кулебаки,Нижегородская область,32184,55.416670,42.516670
Кумертау,Башкортостан,57949,52.766670,55.783330
Кунгур,Пермский край,62673,57.433330,56.933330
Купино,Новосибирская область,15065,54.366670,77.300000
Курган,Курганская область,310911,55.440830,65.341110
Курганинск,Краснодарский край,47305,44.883330,40.600000
Курильск,Сахалинская область,2530,45.250000,147.883333
Курлово,Владимирская область,6309,55.450000,40.616670
Куровское,Московская область,19857,55.583330,38.916670
Курск,Курская область,440052,51.716670,36.183330
Куртамыш,Курганская область,14806,54.900000,64.433330
Курчалой,Чечня,23425,43.204440,46.087812
Курчатов,Курская область,40318,51.666670,35.650000
Куса,Челябинская область,17136,55.333330,59.433330
Кушва,Свердловская область,27306,58.283330,59.733330
Кызыл,Тыва,125241,51.700000,94.366670
Кыштым,Челябинская область,36045,55.700000,60.550000
Кяхта,Бурятия,17877,50.350000,106.450000
Лабинск,Краснодарский край,57428,44.633338,40.733311
Лабытнанги,Ямало-Ненецкий АО,25501,66.658060,66.383890
Лагань,Калмыкия,13834,45.392500,47.355000
Ладушкин,Калининградская область,3666,54.566670,20.166670
Лаишево,Татарстан,9076,55.400000,49.550000
Лакинск,Владимирская область,12861,56.016940,39.949440
Лангепас,Ханты-Мансийский АО,42701,61.250000,75.166670
Лахденпохья,Карелия,5952,61.516670,30.200000
Лебедянь,Липецкая область,20049,53.011553,39.128117
Лениногорск,Татарстан,60993,54.598869,52.442272
Ленинск,Волгоградская область,13391,48.700000,45.200000
Ленинск-Кузнецкий,Кемеровская область,92244,54.650000,86.166670
Ленск,Якутия,21392,60.716670,114.900000
Лермонтов,Ставропольский край,22444,44.105280,42.971670
Лесной,Свердловская область,48261,58.633330,59.783330
Лесозаводск,Приморский край,35433,45.466670,133.400000
Лесосибирск,Красноярский край,55730,58.233330,92.483330
Ливны,Орловская область,43549,52.425306,37.608306
Ликино-Дулёво,Московская область,34191,55.715280,38.957780
Липецк,Липецкая область,496403,52.616670,39.600000
Липки,Тульская область,8325,53.950000,37.700000
Лиски,Воронежская область,54147,50.982220,39.499440
Лихославль,Тверская область,11017,57.116670,35.466670
Лобня,Московская область,82764,56.011940,37.474440
Лодейное Поле,Ленинградская область,18905,60.734305,33.543183
Лосино-Петровский,Московская область,29000,55.866670,38.200000
Луга,Ленинградская область,38407,58.733333,29.850000
Луза,Кировская область,9122,60.616670,47.283330
Лукоянов,Нижегородская область,12652,55.038330,44.497780
Луховицы,Московская область,29889,54.966670,39.025000
Лысково,Нижегородская область,21657,56.012780,45.025280
Лысьва,Пермский край,53855,58.100381,57.804328
Лыткарино,Московская область,65212,55.583610,37.905560
Льгов,Курская область,17557,51.666670,35.266670
Любань,Ленинградская область,4565,59.349301,31.248580
Люберцы,Московская область,224195,55.681390,37.893890
Любим,Ярославская область,5037,58.350000,40.700000
Людиново,Калужская область,35874,53.866670,34.466670
Лянтор,Ханты-Мансийский АО,40977,61.616670,72.166670
Магадан,Магаданская область,90757,59.566670,150.800000
Магас,Ингушетия,15271,43.166670,44.816670
Магнитогорск,Челябинская область,410594,53.383330,59.033330
Майкоп,Адыгея,143385,44.611000,40.111000
Майский,Кабардино-Балкария,26632,43.630508,44.067733
Макаров,Сахалинская область,5848,48.616670,142.783330
Макарьев,Костромская область,5528,57.883330,43.800000
Макушино,Курганская область,6827,55.200000,67.250000
Малая Вишера,Новгородская область,9996,58.850000,32.216670
Малгобек,Ингушетия,36480,43.508882,44.585563
Малмыж,Кировская область,6931,56.522780,50.680830
Малоархангельск,Орловская область,3609,52.400000,36.500000
Малоярославец,Калужская область,41836,55.000000,36.466670
Мамадыш,Татарстан,15726,55.700000,51.400000
Мамоново,Калининградская область,8314,54.466670,19.933330
Мантурово,Костромская область,13043,58.333330,44.766670
Мариинск,Кемеровская область,40779,56.216670,87.750000
Мариинский Посад,Чувашия,7851,56.116670,47.716670
Маркс,Саратовская область,28749,51.700000,46.750000
Махачкала,Дагестан,623254,42.983330,47.500000
Мглин,Брянская область,6919,53.061110,32.848330
Мегион,Ханты-Мансийский АО,52887,61.033056,76.109722
Медвежьегорск,Карелия,11962,62.916670,34.450000
Медногорск,Оренбургская область,23693,51.422085,57.595296
Медынь,Калужская область,8200,54.966670,35.866670
Межгорье,Башкортостан,15697,54.241670,57.967780
Междуреченск,Кемеровская область,96174,53.683330,88.050000
Мезень,Архангельская область,2874,65.850000,44.233330
Меленки,Владимирская область,13407,55.333330,41.633330
Мелеуз,Башкортостан,56505,52.950000,55.933330
Менделеевск,Татарстан,22875,55.900000,52.316667
Мензелинск,Татарстан,16008,55.716670,53.083330
Мещовск,Калужская область,3810,54.316670,35.283330
Миасс,Челябинская область,147995,55.050000,60.100000
Микунь,Коми,8527,62.350000,50.066670
Миллерово,Ростовская область,34841,48.916670,40.400000
Минеральные Воды,Ставропольский край,70485,44.200830,43.112500
Минусинск,Красноярский край,70089,53.700000,91.683330
Миньяр,Челябинская область,8500,55.066670,57.550000
Мирный,Якутия,34045,62.533330,113.950000
Мирный,Архангельская область,27262,62.760280,40.335280
Михайлов,Рязанская область,10303,54.233330,39.033330
Михайловка,Волгоградская область,56031,50.066670,43.233330
Михайловск,Свердловская область,9756,56.433330,59.116670
Михайловск,Ставропольский край,114133,45.130012,42.027487
Мичуринск,Тамбовская область,90451,52.892220,40.492780
Могоча,Забайкальский край,12390,53.733330,119.766670
Можайск,Московская область,33880,55.500000,36.033330
Можга,Удмуртия,44345,56.450000,52.216670
Моздок,Северная Осетия,36784,43.736575,44.652834
Мончегорск,Мурманская область,39962,67.939440,32.915560
Морозовск,Ростовская область,24258,48.350000,41.833333
Моршанск,Тамбовская область,39023,53.450000,41.800000
Мосальск,Калужская область,4234,54.483330,34.983330
Москва,Москва,13010112,55.750556,37.617500
Муравленко,Ямало-Ненецкий АО,29233,63.794440,74.497220
Мураши,Кировская область,5700,59.383330,48.966670
Мурино,Ленинградская область,89083,60.051284,30.438578
Мурманск,Мурманская область,270384,68.966670,33.083330
Муром,Владимирская область,107497,55.572500,42.051390
Мценск,Орловская область,36960,53.278330,36.575000
Мыски,Кемеровская область,40109,53.700000,87.816670
Мытищи,Московская область,255429,55.916670,37.733330
Мышкин,Ярославская область,5621,57.783330,38.450000
Набережные Челны,Татарстан,548434,55.700000,52.333330
Навашино,Нижегородская область,14664,55.533330,42.200000
Наволоки,Ивановская область,8167,57.466670,41.966670
Надым,Ямало-Ненецкий АО,45973,65.533330,72.516670
Назарово,Красноярский край,45333,56.006390,90.391390
Назрань,Ингушетия,122350,43.216670,44.766670
Называевск,Омская область,10434,55.566670,71.350000
Нальчик,Кабардино-Балкария,247054,43.485259,43.607072
Нариманов,Астраханская область,11104,46.683330,47.850000
Наро-Фоминск,Московская область,71121,55.383330,36.733330
Нарткала,Кабардино-Балкария,33203,43.556734,43.862222
Нарьян-Мар,Ненецкий АО,23399,67.637780,53.006670
Наурская,Чечня,10840,43.650000,45.308330
Находка,Приморский край,139931,42.816670,132.883330
Невель,Псковская область,13980,56.016670,29.933330
Невельск,Сахалинская область,10608,46.650000,141.866670
Невинномысск,Ставропольский край,117562,44.633330,41.933330
Невьянск,Свердловская область,22061,57.483330,60.200000
Нелидово,Тверская область,18603,56.216670,32.783330
Неман,Калининградская область,9255,55.033330,22.033330
Нерехта,Костромская область,19977,57.450000,40.583330
Нерчинск,Забайкальский край,15290,51.983330,116.583330
Нерюнгри,Якутия,53409,56.658330,124.725000
Нестеров,Калининградская область,3336,54.633330,22.566670
Нефтегорск,Самарская область,18076,52.800000,51.166670
Нефтекамск,Башкортостан,131942,56.088890,54.246390
Нефтекумск,Ставропольский край,23137,44.750560,44.979720
Нефтеюганск,Ханты-Мансийский АО,124732,61.100000,72.600000
Нея,Костромская область,7816,58.294440,43.878060
Нижневартовск,Ханты-Мансийский АО,283256,60.933890,76.581110
Нижнекамск,Татарстан,241479,55.633330,51.816670
Нижнеудинск,Иркутская область,29995,54.900000,99.016670
Нижние Серги,Свердловская область,8009,56.666670,59.300000
Нижний Ломов,Пензенская область,20421,53.533330,43.683330
Нижний Новгород,Нижегородская область,1226076,56.326940,44.007500
Нижний Тагил,Свердловская область,338966,57.916670,59.966670
Нижняя Салда,Свердловская область,16505,58.083330,60.716670
Нижняя Тура,Свердловская область,18392,58.620830,59.847780
Николаевск,Волгоградская область,13460,50.027220,45.463060
Николаевск-на-Амуре,Хабаровский край,18631,53.150000,140.733330
Никольск,Вологодская область,7661,59.533330,45.450000
Никольск,Пензенская область,19873,53.716670,46.083330
Никольское,Ленинградская область,22355,59.704642,30.788975
Новая Ладога,Ленинградская область,7432,60.106401,32.316183
Новая Ляля,Свердловская область,10684,59.050000,60.600000
Новоалександровск,Ставропольский край,26767,45.493330,41.216940
Новоалтайск,Алтайский край,73049,53.333330,83.933330
Новоаннинский,Волгоградская область,15351,50.516670,42.666670
Нововоронеж,Воронежская область,30658,51.316670,39.216670
Новодвинск,Архангельская область,33294,64.416670,40.816670
Новозыбков,Брянская область,38680,52.533330,31.933330
Новокубанск,Краснодарский край,34000,45.100000,41.050000
Новокузнецк,Кемеровская область,537480,53.733330,87.083330
Новокуйбышевск,Самарская область,98306,53.100000,49.916670
Новомичуринск,Рязанская область,16900,54.033330,39.750000
Новомосковск,Тульская область,119697,54.033330,38.266670
Новопавловск,Ставропольский край,20781,43.963610,43.639440
Новоржев,Псковская область,3222,57.033330,29.333330
Новороссийск,Краснодарский край,262293,44.716670,37.766670
Новосибирск,Новосибирская область,1633595,55.016670,82.916670
Новосиль,Орловская область,2912,52.966670,37.050000
Новосокольники,Псковская область,6895,56.333330,30.150000
Новотроицк,Оренбургская область,75960,51.206670,58.328060
Новоузенск,Саратовская область,15216,50.450000,48.150000
Новоульяновск,Ульяновская область,13673,54.150000,48.383330
Новоуральск,Свердловская область,78479,57.250000,60.083330
Новохопёрск,Воронежская область,5948,51.100000,41.616670
Новочебоксарск,Чувашия,120375,56.121940,47.492500
Новочеркасск,Ростовская область,163674,47.435830,40.098610
Новошахтинск,Ростовская область,103480,47.766670,39.916670
Новый Оскол,Белгородская область,18359,50.766670,37.866670
Новый Уренгой,Ямало-Ненецкий АО,107251,66.084720,76.678890
Ногинск,Московская область,103891,55.850000,38.433330
Нолинск,Кировская область,8262,57.557220,49.934170
Норильск,Красноярский край,174453,69.333330,88.216670
Ноябрьск,Ямало-Ненецкий АО,100188,63.201670,75.451670
Нурлат,Татарстан,33990,54.433330,50.800000
Нытва,Пермский край,16675,57.933330,55.333330
Нюрба,Якутия,10138,63.283330,118.333330
Нягань,Ханты-Мансийский АО,63034,62.133330,65.383330
Нязепетровск,Челябинская область,10379,56.050000,59.600000
Няндома,Архангельская область,18473,61.666667,40.200000
Облучье,Еврейская АО,7959,49.000000,131.050000
Обнинск,Калужская область,125376,55.100000,36.616670
Обоянь,Курская область,11844,51.211110,36.276390
Обь,Новосибирская область,30369,54.991670,82.712500
Одинцово,Московская область,180530,55.673330,37.273330
Озёрск,Калининградская область,4152,54.416670,22.016670
Озёрск,Челябинская область,76896,55.750000,60.716670
Озёры,Московская область,24359,54.857875,38.543819
Ойсхара,Чечня,19415,43.262283,46.249129
Октябрьск,Самарская область,20703,53.166670,48.666670
Октябрьский,Башкортостан,115557,54.483330,53.483330
Окуловка,Новгородская область,9949,58.383330,33.300000
Олёкминск,Якутия,8398,60.383330,120.433330
Оленегорск,Мурманская область,21438,68.150000,33.283330
Олонец,Карелия,7663,60.983330,32.966670
Омск,Омская область,1125695,54.966670,73.383330
Омутнинск,Кировская область,19629,58.666670,52.183330
Онега,Архангельская область,16947,63.916670,38.083330
Опочка,Псковская область,9928,56.716670,28.650000
Орёл,Орловская область,303169,52.966670,36.083330
Оренбург,Оренбургская область,543654,51.766670,55.100000
Орехово-Зуево,Московская область,105745,55.800000,38.966670
Орлов,Кировская область,5508,58.538890,48.898610
Орск,Оренбургская область,189195,51.200000,58.616670
Оса,Пермский край,19523,57.283330,55.450000
Осинники,Кемеровская область,40367,53.616670,87.333330
Осташков,Тверская область,16674,57.150000,33.100000
Остров,Псковская область,20923,57.333330,28.350000
Островной,Мурманская область,1487,68.053060,39.513060
Острогожск,Воронежская область,31699,50.866670,39.066670
Отрадное,Ленинградская область,25706,59.774090,30.794553
Отрадный,Самарская область,46984,53.366670,51.350000
Оха,Сахалинская область,20357,53.583330,142.950000
Оханск,Пермский край,6430,57.716670,55.383330
Очёр,Пермский край,14385,57.883330,54.716670
Павлово,Нижегородская область,57116,55.961940,43.090000
Павловск,Воронежская область,22384,50.450000,40.066670
Павловский Посад,Московская область,65098,55.783330,38.650000
Палласовка,Волгоградская область,14966,50.050000,46.883330
Партизанск,Приморский край,33832,43.133330,133.133330
Певек,Чукотский АО,4015,69.700000,170.316670
Пенза,Пензенская область,501109,53.200000,45.000000
Первомайск,Нижегородская область,13223,54.866670,43.800000
Первоуральск,Свердловская область,114450,56.916670,59.950000
Перевоз,Нижегородская область,8999,55.600000,44.550000
Пересвет,Московская область,11752,56.416670,38.175000
Переславль-Залесский,Ярославская область,37738,56.738133,38.856153
Пермь,Пермский край,1034002,58.013890,56.248890
Пестово,Новгородская область,14032,58.600000,35.816670
Петров Вал,Волгоградская область,12526,50.133330,45.216670
Петровск,Саратовская область,26319,52.316670,45.383330
Петровск-Забайкальский,Забайкальский край,15015,51.283330,108.833330
Петрозаводск,Карелия,234897,61.796110,34.349170
Петропавловск-Камчатский,Камчатский край,164900,53.016670,158.650000
Петухово,Курганская область,8502,55.066670,67.883330
Петушки,Владимирская область,13317,55.933330,39.466670
Печора,Коми,35254,65.116670,57.116670
Печоры,Псковская область,10247,57.816670,27.600000
Пикалёво,Ленинградская область,20388,59.512684,34.177483
Пионерский,Калининградская область,12794,54.950000,20.216670
Питкяранта,Карелия,8340,61.566670,31.483330
Плавск,Тульская область,16893,53.700000,37.300000
Пласт,Челябинская область,18379,54.366670,60.816670
Плёс,Ивановская область,1896,57.450000,41.500000
Поворино,Воронежская область,16417,51.200000,42.250000
Подольск,Московская область,314934,55.429720,37.544440
Подпорожье,Ленинградская область,16123,60.912097,34.167952
Покачи,Ханты-Мансийский АО,16040,61.750000,75.583330
Покров,Владимирская область,17747,55.917780,39.175000
Покровск,Якутия,12021,61.483330,129.150000
Полевской,Свердловская область,55182,56.450000,60.183330
Полесск,Калининградская область,6926,54.866670,21.100000
Полысаево,Кемеровская область,25631,54.600000,86.283330
Полярные Зори,Мурманская область,14146,67.365830,32.498060
Полярный,Мурманская область,12293,69.198330,33.456110
Поронайск,Сахалинская область,16026,49.216670,143.100000
Порхов,Псковская область,7309,57.766670,29.550000
Похвистнево,Самарская область,27333,53.650000,52.133330
Почеп,Брянская область,14991,52.933330,33.450000
Починок,Смоленская область,7575,54.400000,32.450000
Пошехонье,Ярославская область,5150,58.500000,39.116670
Правдинск,Калининградская область,3986,54.450000,21.016670
Приволжск,Ивановская область,14332,57.383330,41.283330
Приморск,Калининградская область,1436,54.733330,20.000000
Приморск,Ленинградская область,6537,60.366014,28.613561
Приморско-Ахтарск,Краснодарский край,31087,46.050000,38.183330
Приозерск,Ленинградская область,18777,61.035979,30.115589
Прокопьевск,Кемеровская область,177819,53.883330,86.716670
Пролетарск,Ростовская область,18983,46.703060,41.719170
Протвино,Московская область,37735,54.879440,37.213890
Прохладный,Кабардино-Балкария,59938,43.750055,44.033333
Псков,Псковская область,193082,57.816670,28.333330
Пугачёв,Саратовская область,40127,52.016670,48.800000
Пудож,Карелия,7356,61.800000,36.533330
Пустошка,Псковская область,4070,56.333330,29.366670
Пучеж,Ивановская область,6879,56.983330,43.166670
Пушкино,Московская область,110868,56.016670,37.850000
Пущино,Московская область,19578,54.833330,37.616670
Пыталово,Псковская область,5263,57.066667,27.916667
Пыть-Ях,Ханты-Мансийский АО,40180,60.750000,72.783330
Пятигорск,Ставропольский край,146473,44.049966,43.060055
Радужный,Владимирская область,17569,55.997780,40.329720
Радужный,Ханты-Мансийский АО,43577,62.133330,77.466670
Райчихинск,Амурская область,15797,49.800000,129.400000
Раменское,Московская область,114537,55.566670,38.216670
Рассказово,Тамбовская область,47644,52.666670,41.883330
Ревда,Свердловская область,60200,56.800000,59.916670
Реж,Свердловская область,36585,57.366670,61.400000
Реутов,Московская область,113871,55.760611,37.855194
Ржев,Тверская область,55757,56.265560,34.327500
Родники,Ивановская область,24101,57.100000,41.733330
Рославль,Смоленская область,45416,53.949167,32.856944
Россошь,Воронежская область,60879,50.200000,39.583330
Ростов Великий,Ярославская область,28122,57.183330,39.416670
Ростов-на-Дону,Ростовская область,1142162,47.240560,39.710560
Рошаль,Московская область,21401,55.663610,39.865000
Ртищево,Саратовская область,37850,52.250000,43.783330
Рубцовск,Алтайский край,126834,51.527220,81.218806
Рудня,Смоленская область,8908,54.950000,31.066670
Руза,Московская область,16014,55.698889,36.195278
Рузаевка,Мордовия,42989,54.066670,44.950000
Рыбинск,Ярославская область,177295,58.050000,38.833330
Рыбное,Рязанская область,21069,54.733330,39.516670
Рыльск,Курская область,15069,51.566670,34.683330
Ряжск,Рязанская область,20634,53.716670,40.066670
Рязань,Рязанская область,528599,54.616670,39.716670
Саки,Крым,24285,45.133610,33.577220
Салават,Башкортостан,148575,53.366670,55.933330
Салаир,Кемеровская область,7088,54.233330,85.800000
Салехард,Ямало-Ненецкий АО,47910,66.533330,66.633330
Сальск,Ростовская область,57937,46.483330,41.533330
Самара,Самарская область,1173299,53.183330,50.116670
Санкт-Петербург,Санкт-Петербург,5601911,59.950000,30.316670
Саранск,Мордовия,314871,54.183330,45.183330
Сарапул,Удмуртия,91115,56.466670,53.800000
Саратов,Саратовская область,901361,51.533330,46.000000
Саров,Нижегородская область,93357,54.933330,43.316670
Сасово,Рязанская область,21628,54.350000,41.916670
Сатка,Челябинская область,42597,55.050000,59.050000
Сафоново,Смоленская область,38403,55.100000,33.250000
Саяногорск,Хакасия,44872,53.100000,91.400000
Саянск,Иркутская область,35561,54.116670,102.166670
Светлогорск,Калининградская область,16207,54.939400,20.156500
Светлоград,Ставропольский край,35703,45.330830,42.851110
Светлый,Калининградская область,21114,54.683330,20.133330
Светогорск,Ленинградская область,13784,61.108330,28.858330
Свирск,Иркутская область,15485,53.083330,103.333330
Свободный,Амурская область,48517,51.383330,128.133330
Себеж,Псковская область,6246,56.283330,28.483330
Севастополь,Севастополь,547820,44.600000,33.533330
Северо-Курильск,Сахалинская область,2374,50.666670,156.116670
Северобайкальск,Бурятия,24233,55.633330,109.316670
Северодвинск,Архангельская область,157213,64.566670,39.850000
Североморск,Мурманская область,43327,69.069170,33.416670
Североуральск,Свердловская область,24428,60.150000,59.933330
Северск,Томская область,106648,56.600000,84.850000
Севск,Брянская область,6732,52.150000,34.493890
Сегежа,Карелия,23543,63.733330,34.316670
Сельцо,Брянская область,15906,53.369440,34.100000
Семёнов,Нижегородская область,25075,56.789440,44.490560
Семикаракорск,Ростовская область,21719,47.516670,40.800000
Семилуки,Воронежская область,27938,51.683330,39.033330
Сенгилей,Ульяновская область,6407,53.966670,48.800000
Серафимович,Волгоградская область,8633,49.583330,42.733330
Сергач,Нижегородская область,20256,55.533330,45.466670
Сергиев Посад,Московская область,101756,56.300000,38.133330
Сердобск,Пензенская область,30220,52.466670,44.216670
Серноводское,Чечня,12583,43.314931,45.160164
Серов,Свердловская область,94211,59.583330,60.566670
Серпухов,Московская область,133793,54.916670,37.400000
Сертолово,Ленинградская область,68241,60.141613,30.211879
Сибай,Башкортостан,56514,52.700000,58.650000
Сим,Челябинская область,12858,54.983330,57.683330
Симферополь,Крым,340540,44.948060,34.104170
Сковородино,Амурская область,7057,53.983330,123.933330
Скопин,Рязанская область,25238,53.816670,39.550000
Славгород,Алтайский край,27900,53.000000,78.650000
Славск,Калининградская область,4153,55.050000,21.666670
Славянск-на-Кубани,Краснодарский край,62985,45.258610,38.124720
Сланцы,Ленинградская область,34628,59.117790,28.088145
Слободской,Кировская область,29148,58.724167,50.161167
Слюдянка,Иркутская область,18058,51.666670,103.700000
Смоленск,Смоленская область,316570,54.782780,32.045280
Снежинск,Челябинская область,50619,56.083330,60.733330
Снежногорск,Мурманская область,9942,69.194170,33.233060
Собинка,Владимирская область,17444,55.990000,40.016670
Советск,Калининградская область,38910,55.083330,21.883330
Советск,Кировская область,14626,57.601306,48.938611
Советск,Тульская область,7889,53.933330,37.633330
Советская Гавань,Хабаровский край,24231,48.966373,140.285189
Советский,Ханты-Мансийский АО,31138,61.366670,63.566670
Сокол,Вологодская область,34742,59.466670,40.116670
Солигалич,Костромская область,5534,59.083330,42.283330
Соликамск,Пермский край,89473,59.633330,56.766670
Солнечногорск,Московская область,48413,56.185114,36.977618
Соль-Илецк,Оренбургская область,26149,51.166670,54.983330
Сольвычегодск,Архангельская область,1952,61.333330,46.916670
Сольцы,Новгородская область,8449,58.116670,30.316670
Сорочинск,Оренбургская область,28478,52.433330,53.150000
Сорск,Хакасия,10124,54.000000,90.250000
Сортавала,Карелия,14867,61.700000,30.666670
Сосенский,Калужская область,11413,54.050000,35.966670
Сосновка,Кировская область,8428,56.254300,51.281200
Сосновоборск,Красноярский край,40442,56.133330,93.366670
Сосновый Бор,Ленинградская область,65367,59.900000,29.086110
Сосногорск,Коми,22189,63.583330,53.933330
Сочи,Краснодарский край,466078,43.585280,39.720280
Спас-Деменск,Калужская область,4569,54.409808,34.018992
Спас-Клепики,Рязанская область,4743,55.133330,40.166670
Спасск,Пензенская область,6936,53.933330,43.183330
Спасск-Дальний,Приморский край,35732,44.600000,132.816670
Спасск-Рязанский,Рязанская область,5796,54.400000,40.383330
Среднеколымск,Якутия,3131,67.458000,153.706000
Среднеуральск,Свердловская область,23344,56.983330,60.466670
Сретенск,Забайкальский край,6093,52.250000,117.716670
Ставрополь,Ставропольский край,547443,45.033330,41.966670
Старая Купавна,Московская область,22898,55.800000,38.183330
Старая Русса,Новгородская область,27487,57.983330,31.350000
Старица,Тверская область,6938,56.516670,34.933330
Стародуб,Брянская область,17687,52.583330,32.766670
Старый Крым,Крым,10470,45.029170,35.088610
Старый Оскол,Белгородская область,221676,51.298060,37.835000
Стерлитамак,Башкортостан,277410,53.633330,55.950000
Стрежевой,Томская область,39169,60.733330,77.583330
Строитель,Белгородская область,23780,50.783330,36.483330
Струнино,Владимирская область,11774,56.373330,38.585000
Ступино,Московская область,64412,54.886940,38.077220
Суворов,Тульская область,17598,54.116670,36.500000
Судак,Крым,17834,44.851390,34.972500
Суджа,Курская область,5127,51.190694,35.270830
Судогда,Владимирская область,10408,55.950000,40.866670
Суздаль,Владимирская область,9286,56.421110,40.448890
Сунжа,Ингушетия,62078,43.313475,45.051581
Суоярви,Карелия,7190,62.083330,32.366670
Сураж,Брянская область,11176,53.016670,32.400000
Сургут,Ханты-Мансийский АО,396443,61.250000,73.433330
Суровикино,Волгоградская область,18227,48.600000,42.850000
Сурск,Пензенская область,6034,53.083330,45.700000
Сусуман,Магаданская область,4439,62.783330,148.150000
Сухиничи,Калужская область,14806,54.100000,35.350000
Сухой Лог,Свердловская область,32748,56.905830,62.034170
Сызрань,Самарская область,165725,53.166670,48.466670
Сыктывкар,Коми,220580,61.666670,50.816670
Сысерть,Свердловская область,20634,56.500000,60.816670
Сычёвка,Смоленская область,7544,55.833330,34.283330
Сясьстрой,Ленинградская область,12566,60.137057,32.561279
Тавда,Свердловская область,32749,58.050000,65.266670
Таганрог,Ростовская область,245120,47.239170,38.883330
Тайга,Кемеровская область,22375,56.066670,85.616670
Тайшет,Иркутская область,34491,55.933330,98.016670
Талдом,Московская область,17317,56.733330,37.533330
Талица,Свердловская область,14808,57.012500,63.729170
Тамбов,Тамбовская область,261803,52.716670,41.433330
Тара,Омская область,26878,56.902383,74.370790
Тарко-Сале,Ямало-Ненецкий АО,19900,64.914720,77.772780
Таруса,Калужская область,9918,54.716670,37.183330
Татарск,Новосибирская область,23711,55.216670,75.966670
Таштагол,Кемеровская область,21980,52.766670,87.866670
Тверь,Тверская область,416219,56.857828,35.921928
Теберда,Карачаево-Черкесия,9020,43.451333,41.742167
Тейково,Ивановская область,31305,56.850000,40.550000
Тельмана,Ленинградская область,23986,59.725444,30.612106
Темников,Мордовия,6451,54.633330,43.216670
Темрюк,Краснодарский край,41608,45.266670,37.383330
Терек,Кабардино-Балкария,19948,43.483317,44.138871
Тетюши,Татарстан,10535,54.933330,48.833330
Тимашёвск,Краснодарский край,51858,45.616670,38.933330
Тихвин,Ленинградская область,55415,59.644213,33.542105
Тихорецк,Краснодарский край,55686,45.850000,40.116670
Тобольск,Тюменская область,100352,58.195280,68.258060
Тогучин,Новосибирская область,20766,55.233330,84.383330
Тольятти,Самарская область,684709,53.516667,49.416667
Томари,Сахалинская область,4313,47.766670,142.066670
Томмот,Якутия,6440,58.966670,126.266670
Томск,Томская область,556478,56.488610,84.952220
Топки,Кемеровская область,27158,55.283330,85.616670
Торжок,Тверская область,41116,57.033330,34.966670
Торопец,Тверская область,11441,56.500000,31.633330
Тосно,Ленинградская область,34066,59.541179,30.875006
Тотьма,Вологодская область,8669,59.983330,42.766670
Трёхгорный,Челябинская область,32463,54.800000,58.450000
Троицк,Челябинская область,70301,54.083330,61.566670
Трубчевск,Брянская область,13287,52.583330,33.766670
Туапсе,Краснодарский край,61571,44.100016,39.083223
Туймазы,Башкортостан,68349,54.600000,53.700000
Тула,Тульская область,473622,54.200000,37.616670
Тулун,Иркутская область,38440,54.566670,100.566670
Туран,Тыва,5044,52.144600,93.918100
Туринск,Свердловская область,16561,58.033330,63.700000
Тутаев,Ярославская область,39643,57.883330,39.533330
Тында,Амурская область,28625,55.150000,124.716670
Тырныауз,Кабардино-Балкария,22056,43.389266,42.918906
Тюкалинск,Омская область,9894,55.866670,72.200000
Тюмень,Тюменская область,847488,57.150000,65.533330
Уварово,Тамбовская область,23584,51.983330,42.266670
Углегорск,Сахалинская область,8041,49.066670,142.033330
Углич,Ярославская область,32719,57.533330,38.333330
Удачный,Якутия,12930,66.400000,112.300000
Удомля,Тверская область,25950,57.883330,35.016670
Ужур,Красноярский край,14134,55.316670,89.816670
Узловая,Тульская область,49427,53.979142,38.160083
Улан-Удэ,Бурятия,437565,51.833330,107.616670
Ульяновск,Ульяновская область,617352,54.316667,48.366667
Унеча,Брянская область,24274,52.850000,32.683330
Урай,Ханты-Мансийский АО,41315,60.133330,64.783330
Урень,Нижегородская область,12450,57.466670,45.783330
Уржум,Кировская область,8448,57.116670,50.000000
Урус-Мартан,Чечня,63449,43.129123,45.541670
Урюпинск,Волгоградская область,36669,50.800000,42.016670
Усинск,Коми,32182,65.995028,57.557139
Усмань,Липецкая область,19662,52.050000,39.733330
Усолье-Сибирское,Иркутская область,74762,52.750000,103.650000
Усолье,Пермский край,6619,59.416670,56.683330
Уссурийск,Приморский край,180393,43.800000,131.950000
Усть-Джегута,Карачаево-Черкесия,31137,44.086110,41.971940
Усть-Илимск,Иркутская область,79570,58.000000,102.666670
Усть-Катав,Челябинская область,21439,54.933330,58.166670
Усть-Кут,Иркутская область,36918,56.800000,105.833330
Усть-Лабинск,Краснодарский край,40158,45.215280,39.689440
Устюжна,Вологодская область,7843,58.833330,36.433330
Уфа,Башкортостан,1144809,54.733330,55.966670
Ухта,Коми,79899,63.566670,53.700000
Учалы,Башкортостан,36175,54.316670,59.383330
Уяр,Красноярский край,12036,55.816670,94.316670
Фатеж,Курская область,4691,52.089440,35.858890
Феодосия,Крым,66293,45.048890,35.379170
Фокино,Брянская область,12538,53.450000,34.416670
Фокино,Приморский край,19711,42.966670,132.400000
Фролово,Волгоградская область,35661,49.766670,43.650000
Фрязино,Московская область,60580,55.950000,38.050000
Фурманов,Ивановская область,29715,57.250000,41.100000
Хабаровск,Хабаровский край,617441,48.483330,135.066670
Хадыженск,Краснодарский край,22094,44.423890,39.537220
Ханты-Мансийск,Ханты-Мансийский АО,107473,61.000000,69.000000
Харабали,Астраханская область,18514,47.400000,47.250000
Харовск,Вологодская область,8389,59.950000,40.200000
Хасавюрт,Дагестан,155144,43.249937,46.583247
Хвалынск,Саратовская область,12042,52.483330,48.100000
Хилок,Забайкальский край,9948,51.350000,110.450000
Химки,Московская область,257128,55.889170,37.445000
Холм,Новгородская область,3214,57.150000,31.183330
Холмск,Сахалинская область,25677,47.040280,142.043060
Хотьково,Московская область,20466,56.250000,37.983330
Цивильск,Чувашия,12762,55.866670,47.483330
Цимлянск,Ростовская область,14731,47.646670,42.094720
Циолковский,Амурская область,7194,51.760253,128.121175
Чадан,Тыва,9732,51.283330,91.566670
Чайковский,Пермский край,75837,56.773291,54.140386
Чапаевск,Самарская область,70228,52.983330,49.716670
Чаплыгин,Липецкая область,11579,53.241670,39.966670
Чебаркуль,Челябинская область,44693,54.977780,60.370000
Чебоксары,Чувашия,497807,56.116670,47.233330
Чегем,Кабардино-Балкария,20736,43.566657,43.583325
Чекалин,Тульская область,935,54.100000,36.250000
Челябинск,Челябинская область,1189525,55.150000,61.400000
Чердынь,Пермский край,4590,60.400000,56.483330
Черемхово,Иркутская область,53958,53.150000,103.066670
Черепаново,Новосибирская область,19900,54.216670,83.366670
Череповец,Вологодская область,305185,59.116670,37.900000
Черкесск,Карачаево-Черкесия,113226,44.213888,42.044310
Чёрмоз,Пермский край,3044,58.783330,56.150000
Черноголовка,Московская область,19530,56.014720,38.389720
Черногорск,Хакасия,75745,53.816670,91.283330
Чернушка,Пермский край,32991,56.500000,56.083330
Черняховск,Калининградская область,36128,54.633330,21.816670
Чехов,Московская область,89025,55.145000,37.455560
Чистополь,Татарстан,58815,55.366670,50.633330
Чита,Забайкальский край,334427,52.033330,113.500000
Чкаловск,Нижегородская область,11535,56.766670,43.250000
Чудово,Новгородская область,14302,59.128060,31.659170
Чулым,Новосибирская область,11034,55.100000,80.966670
Чусовой,Пермский край,45471,58.283330,57.816670
Чухлома,Костромская область,4252,58.750000,42.700000
Шагонар,Тыва,11772,51.533330,92.900000
Шадринск,Курганская область,68609,56.083330,63.633330
Шали,Чечня,55054,43.145000,45.903847
Шарыпово,Красноярский край,33961,55.525000,89.200000
Шарья,Костромская область,20439,58.366670,45.500000
Шатура,Московская область,38230,55.577672,39.544633
Шахты,Ростовская область,226452,47.712211,40.208369
Шахунья,Нижегородская область,17626,57.674720,46.620830
Шацк,Рязанская область,5927,54.033330,41.700000
Шебекино,Белгородская область,39680,50.407780,36.896940
Шелехов,Иркутская область,41998,52.200000,104.100000
Шелковская,Чечня,12593,43.507563,46.336854
Шенкурск,Архангельская область,4600,62.100000,42.900000
Шилка,Забайкальский край,12046,51.850000,116.033330
Шимановск,Амурская область,16488,52.000000,127.666670
Шиханы,Саратовская область,5155,52.113781,47.199229
Шлиссельбург,Ленинградская область,14131,59.944959,31.034754
Шумерля,Чувашия,26873,55.500000,46.416670
Шумиха,Курганская область,16264,55.233330,63.283330
Шуя,Ивановская область,55225,56.850000,41.366670
Щёкино,Тульская область,55109,54.000000,37.516670
Щёлкино,Крым,10131,45.423610,35.818610
Щёлково,Московская область,134211,55.916670,38.000000
Щигры,Курская область,14927,51.881110,36.903060
Щучье,Курганская область,8252,55.216670,62.766670
Электрогорск,Московская область,29982,55.883330,38.783330
Электросталь,Московская область,146403,55.800000,38.450000
Электроугли,Московская область,17944,55.716670,38.216670
Элиста,Калмыкия,102583,46.316670,44.266670
Энгельс,Саратовская область,225428,51.466670,46.116670
Эртиль,Воронежская область,10024,51.833330,40.800000
Югорск,Ханты-Мансийский АО,38238,61.316670,63.350000
Южа,Ивановская область,12957,56.583330,42.016670
Южно-Сахалинск,Сахалинская область,181587,46.950000,142.733330
Южно-Сухокумск,Дагестан,10503,44.659707,45.651015
Южноуральск,Челябинская область,37478,54.450000,61.250000
Юрга,Кемеровская область,79693,55.733330,84.900000
Юрьев-Польский,Владимирская область,17276,56.500000,39.683330
Юрьевец,Ивановская область,7899,57.316670,43.100000
Юрюзань,Челябинская область,10284,54.866670,58.433330
Юхнов,Калужская область,6610,54.750000,35.233330
Ядрин,Чувашия,7918,55.950000,46.200000
Якутск,Якутия,355443,62.027222,129.731944
Ялта,Крым,74652,44.499440,34.155280
Ялуторовск,Тюменская область,38853,56.650000,66.300000
Янаул,Башкортостан,25908,56.266670,54.933330
Яранск,Кировская область,14284,57.303306,47.868806
Яровое,Алтайский край,16424,52.933330,78.583330
Ярославль,Ярославская область,577279,57.616670,39.850000
Ярцево,Смоленская область,41452,55.066670,32.683330
Ясногорск,Тульская область,15269,54.479383,37.693356
Ясный,Оренбургская область,15471,51.033330,59.866670
Яхрома,Московская область,14011,56.283330,37.483330
Балаклава,Севастополь,35919,44.500000,33.600000
Зеленогорск,Санкт-Петербург,15613,60.200000,29.700000
Зеленоград,Москва,256775,55.997917,37.190417
Инкерман,Севастополь,13858,44.614170,33.608330
Колпино,Санкт-Петербург,142108,59.750000,30.600000
Красное Село,Санкт-Петербург,56533,59.733745,30.086205
Кронштадт,Санкт-Петербург,44399,60.000000,29.766670
Ломоносов,Санкт-Петербург,39147,59.910740,29.776466
Московский,Москва,81309,55.600000,37.350000
Павловск,Санкт-Петербург,17463,59.683330,30.433330
Петергоф,Санкт-Петербург,80814,59.883330,29.900000
Пушкин,Санкт-Петербург,107223,59.716670,30.416670
Сестрорецк,Санкт-Петербург,45192,60.100000,29.966670
Троицк,Москва,65043,55.467000,37.300000
Щербинка,Москва,56531,55.500000,37.566670
